id,name ,description,organisation,adresse,annee,programme_entente,lat,long,image,arrondissement
6,SODER-Nayan2012.jpg,Nayan,SODER,"5776, 2e Avenue (ruelle)",2012,Programme graffitis et murales,45.547534,-73.582381,http://depot.ville.montreal.qc.ca/murales/SODER-Nayan2012.jpg,Rosemont-La-Petite-Patrie
2,SODER-3-4-Masson-Laurier.jpg,Philippe Mastrocola,SODER,"5324, 4e avenue (ruelle)",2013,Programme graffitis et murales,45.546691,-73.575087,,
4,SODER-6-7-Dandurand-Masson.jpg,Fanny Aishaa,SODER,"5570, 7e avenue (ruelle)",2013,Programme graffitis et murales,45.549318,-73.577235,,
1,SODER-2-3-Masson-Laurier.jpg,Mathieu Bories (Mateo),SODER,"2650, rue Masson (ruelle)",2013,Programme graffitis et murales,45.545917,-73.575735,,
5,SODER-Rosemont-Holt-2-3.jpg,Omen,SODER,"5725, 2e avenue (ruelle)",2013,Programme graffitis et murales,45.547559,-73.580973,,
3,SODER-Rosemont-Holt-8-9.jpg,A'Shop,SODER,"5750, 9e avenue (ruelle)",2013,Programme graffitis et murales,45.551396,-73.57983,,
8,_0147199p.jpg,A'Shop,SODER,"2842, rue Holt (ruelle)",2014,Programme graffitis et murales,45.548974,-73.58048,,
7,_0147205p.jpg,Mateo,SODER,"5929, 5e avenue (ruelle)",2014,Programme graffitis et murales,45.549358,-73.583043,,
9,SODER2015-MaximeFortin.jpg,Maxime Fortin (4-TIN),SODER,"5620, 7e Avenue (ruelle)",2015,Programme graffitis et murales,45.5496285,-73.580264,,
10,SODER2015-CyndieBelhumeur.jpg,Cyndie Belhumeur,SODER,"5629, 7e Avenue (ruelle)",2015,Programme graffitis et murales,45.5498767,-73.5803157,,
